<?xml version="1.0" encoding="UTF-8"?>
<issues format="6" by="lint 8.13.0" type="baseline" client="gradle" dependencies="false" name="AGP (8.13.0)" variant="all" version="8.13.0">

    <issue
        id="ScopedStorage"
        message="WRITE_EXTERNAL_STORAGE is deprecated (and is not granted) when targeting Android 13+. If you need to write to shared storage, use the `MediaStore.createWriteRequest` intent."
        errorLine1="    &lt;uses-permission android:name=&quot;android.permission.WRITE_EXTERNAL_STORAGE&quot;/>"
        errorLine2="                                   ~~~~~~~~~~~~~~~~~~~~~~~~~~~~~~~~~~~~~~~~~">
        <location
            file="src/main/AndroidManifest.xml"
            line="10"
            column="36"/>
    </issue>

    <issue
        id="ScopedStorage"
        message="READ_EXTERNAL_STORAGE is deprecated (and is not granted) when targeting Android 13+. If you need to query or interact with MediaStore or media files on the shared storage, you should instead use one or more new storage permissions: `READ_MEDIA_IMAGES`, `READ_MEDIA_VIDEO` or `READ_MEDIA_AUDIO`."
        errorLine1="    &lt;uses-permission android:name=&quot;android.permission.READ_EXTERNAL_STORAGE&quot;/>"
        errorLine2="                                   ~~~~~~~~~~~~~~~~~~~~~~~~~~~~~~~~~~~~~~~~">
        <location
            file="src/main/AndroidManifest.xml"
            line="11"
            column="36"/>
    </issue>

    <issue
        id="NewApi"
        message="Call requires API level 26 (current min is 24): `android.content.ContextWrapper#startForegroundService`"
        errorLine1="            startForegroundService(intent)"
        errorLine2="            ~~~~~~~~~~~~~~~~~~~~~~">
        <location
            file="src/main/java/com/example/remotecontrolserver/MainActivity.kt"
            line="33"
            column="13"/>
    </issue>

    <issue
        id="NewApi"
        message="Call requires API level 26 (current min is 24): `android.app.Notification.Builder()`"
        errorLine1="        return Notification.Builder(this, &quot;default&quot;)"
        errorLine2="                            ~~~~~~~">
        <location
            file="src/main/java/com/example/remotecontrolserver/ScreenCaptureService.kt"
            line="50"
            column="29"/>
    </issue>

    <issue
        id="ForegroundServiceType"
        message="To call `Service.startForeground()`, the `&lt;service>` element of manifest file must have the `foregroundServiceType` attribute specified"
        errorLine1="        startForeground(1, createNotification())"
        errorLine2="        ~~~~~~~~~~~~~~~">
        <location
            file="src/main/java/com/example/remotecontrolserver/ScreenCaptureService.kt"
            line="25"
            column="9"/>
    </issue>

    <issue
        id="ProtectedPermissions"
        message="Permission is only granted to system apps"
        errorLine1="    &lt;uses-permission android:name=&quot;android.permission.BIND_ACCESSIBILITY_SERVICE&quot;/>"
        errorLine2="                     ~~~~~~~~~~~~~~~~~~~~~~~~~~~~~~~~~~~~~~~~~~~~~~~~~~~~~~~~~~~~">
        <location
            file="src/main/AndroidManifest.xml"
            line="9"
            column="22"/>
    </issue>

    <issue
        id="GradleDependency"
        message="A newer version of androidx.core:core-ktx than 1.13.1 is available: 1.17.0"
        errorLine1="    implementation &quot;androidx.core:core-ktx:1.13.1&quot;"
        errorLine2="                   ~~~~~~~~~~~~~~~~~~~~~~~~~~~~~~~">
        <location
            file="build.gradle"
            line="42"
            column="20"/>
    </issue>

    <issue
        id="GradleDependency"
        message="A newer version of androidx.appcompat:appcompat than 1.7.0 is available: 1.7.1"
        errorLine1="    implementation &quot;androidx.appcompat:appcompat:1.7.0&quot;"
        errorLine2="                   ~~~~~~~~~~~~~~~~~~~~~~~~~~~~~~~~~~~~">
        <location
            file="build.gradle"
            line="43"
            column="20"/>
    </issue>

    <issue
        id="GradleDependency"
        message="A newer version of com.google.android.material:material than 1.12.0 is available: 1.13.0"
        errorLine1="    implementation &quot;com.google.android.material:material:1.12.0&quot;"
        errorLine2="                   ~~~~~~~~~~~~~~~~~~~~~~~~~~~~~~~~~~~~~~~~~~~~~">
        <location
            file="build.gradle"
            line="44"
            column="20"/>
    </issue>

    <issue
        id="GradleDependency"
        message="A newer version of androidx.media:media than 1.7.0 is available: 1.7.1"
        errorLine1="    implementation &quot;androidx.media:media:1.7.0&quot;"
        errorLine2="                   ~~~~~~~~~~~~~~~~~~~~~~~~~~~~">
        <location
            file="build.gradle"
            line="51"
            column="20"/>
    </issue>

    <issue
        id="NewerVersionAvailable"
        message="A newer version of com.google.zxing:core than 3.5.2 is available: 3.5.3"
        errorLine1="    implementation &quot;com.google.zxing:core:3.5.2&quot;"
        errorLine2="                   ~~~~~~~~~~~~~~~~~~~~~~~~~~~~~">
        <location
            file="build.gradle"
            line="47"
            column="20"/>
    </issue>

    <issue
        id="PermissionImpliesUnsupportedChromeOsHardware"
        message="Permission exists without corresponding hardware `&lt;uses-feature android:name=&quot;android.hardware.camera&quot; required=&quot;false&quot;>` tag"
        errorLine1="    &lt;uses-permission android:name=&quot;android.permission.CAMERA&quot;/>"
        errorLine2="     ~~~~~~~~~~~~~~~">
        <location
            file="src/main/AndroidManifest.xml"
            line="13"
            column="6"/>
    </issue>

    <issue
        id="ExportedService"
        message="Exported service does not require permission"
        errorLine1="        &lt;service"
        errorLine2="         ~~~~~~~">
        <location
            file="src/main/AndroidManifest.xml"
            line="34"
            column="10"/>
    </issue>

    <issue
        id="ExportedService"
        message="Exported service does not require permission"
        errorLine1="        &lt;service"
        errorLine2="         ~~~~~~~">
        <location
            file="src/main/AndroidManifest.xml"
            line="54"
            column="10"/>
    </issue>

    <issue
        id="UseCompoundDrawables"
        message="This tag and its children can be replaced by one `&lt;TextView/>` and a compound drawable"
        errorLine1="&lt;LinearLayout xmlns:android=&quot;http://schemas.android.com/apk/res/android&quot;"
        errorLine2=" ~~~~~~~~~~~~">
        <location
            file="src/main/res/layout/activity_main.xml"
            line="2"
            column="2"/>
    </issue>

    <issue
        id="MonochromeLauncherIcon"
        message="The application adaptive icon is missing a monochrome tag"
        errorLine1="&lt;adaptive-icon xmlns:android=&quot;http://schemas.android.com/apk/res/android&quot;>"
        errorLine2="^">
        <location
            file="src/main/res/mipmap-anydpi-v26/ic_launcher.xml"
            line="2"
            column="1"/>
    </issue>

    <issue
        id="MonochromeLauncherIcon"
        message="The application adaptive roundIcon is missing a monochrome tag"
        errorLine1="&lt;adaptive-icon xmlns:android=&quot;http://schemas.android.com/apk/res/android&quot;>"
        errorLine2="^">
        <location
            file="src/main/res/mipmap-anydpi-v26/ic_launcher_round.xml"
            line="2"
            column="1"/>
    </issue>

    <issue
        id="ContentDescription"
        message="Missing `contentDescription` attribute on image"
        errorLine1="&lt;ImageView"
        errorLine2=" ~~~~~~~~~">
        <location
            file="src/main/res/layout/activity_main.xml"
            line="8"
            column="2"/>
    </issue>

    <issue
        id="SetTextI18n"
        message="String literal in `setText` can not be translated. Use Android resources instead."
        errorLine1="        txt.text = &quot;Scan this QR code from iPad&quot;"
        errorLine2="                    ~~~~~~~~~~~~~~~~~~~~~~~~~~~">
        <location
            file="src/main/java/com/example/remotecontrolserver/MainActivity.kt"
            line="52"
            column="21"/>
    </issue>

    <issue
        id="HardcodedText"
        message="Hardcoded string &quot;Generating QR code...&quot;, should use `@string` resource"
        errorLine1="        android:text=&quot;Generating QR code...&quot;"
        errorLine2="        ~~~~~~~~~~~~~~~~~~~~~~~~~~~~~~~~~~~~">
        <location
            file="src/main/res/layout/activity_main.xml"
            line="18"
            column="9"/>
    </issue>

</issues>
